dt,LandAverageTemperature,LandMaxTemperature,LandMinTemperature,LandAndOceanAverageTemperature,Global Ocean Temperature Anomalies,Global Land Temperature Anomalies,Global Land and Ocean Temperature Anomalies
1931/1/1,2.761,8.059,-2.897,13.529,-0.04,-0.09,-0.05
1931/2/1,2.708,8.218,-3.123,13.621,-0.04,-0.67,-0.22
1931/3/1,5.22,11.194,-1.006,14.347,-0.01,0.01,0
1931/4/1,8.163,14.079,2.025,15.116,-0.11,-0.31,-0.16
1931/5/1,11.02,16.805,4.951,15.872,-0.1,-0.29,-0.15
1931/6/1,13.573,19.419,7.489,16.63,-0.07,0.1,-0.02
1931/7/1,14.576,20.399,8.665,16.967,-0.09,0.19,-0.01
1931/8/1,14.12,19.961,8.189,16.887,-0.07,0.12,-0.01
1931/9/1,12.283,18.078,6.485,16.294,-0.09,0.21,-0.01
1931/10/1,9.937,15.718,4.073,15.448,-0.14,0.38,0.01
1931/11/1,6.243,11.63,0.545,14.317,-0.15,-0.01,-0.11
1931/12/1,4.027,9.477,-1.573,13.711,-0.17,0.07,-0.1
1932/1/1,3.604,9.159,-2.054,13.687,-0.13,0.91,0.16
1932/2/1,2.989,8.797,-3.23,13.658,-0.09,-0.39,-0.17
1932/3/1,4.94,10.934,-1.164,14.252,-0.1,-0.42,-0.18
1932/4/1,8.769,14.644,2.599,15.335,-0.17,0.28,-0.04
1932/5/1,11.239,16.865,5.225,16.018,-0.18,-0.14,-0.17
1932/6/1,13.383,19.114,7.258,16.504,-0.19,-0.11,-0.16
1932/7/1,14.372,20.093,8.416,16.846,-0.2,0.11,-0.11
1932/8/1,13.74,19.5,7.917,16.68,-0.21,-0.12,-0.18
1932/9/1,12.31,18.216,6.34,16.263,-0.18,0.18,-0.08
1932/10/1,9.682,15.424,3.9,15.28,-0.19,0.16,-0.1
1932/11/1,5.908,11.551,0.014,14.175,-0.17,-0.3,-0.21
1932/12/1,3.527,8.888,-2.071,13.558,-0.16,-0.3,-0.19
1933/1/1,2.169,7.379,-3.453,13.26,-0.18,-0.68,-0.31
1933/2/1,2.657,8.351,-3.318,13.506,-0.16,-0.76,-0.32
1933/3/1,4.869,10.774,-1.27,14.131,-0.19,-0.45,-0.25
1933/4/1,8.125,14.046,2.003,15.043,-0.15,-0.36,-0.21
1933/5/1,11.047,16.845,4.988,15.823,-0.2,-0.27,-0.22
1933/6/1,13.11,19.036,7.001,16.337,-0.21,-0.18,-0.2
1933/7/1,14.236,20.037,8.295,16.704,-0.22,-0.1,-0.19
1933/8/1,13.76,19.635,7.858,16.701,-0.23,-0.1,-0.19
1933/9/1,11.854,17.631,6.055,16.024,-0.24,-0.21,-0.23
1933/10/1,9.238,15.172,3.374,15.143,-0.25,-0.05,-0.19
1933/11/1,5.89,11.578,0.093,14.131,-0.29,-0.18,-0.26
1933/12/1,3.104,8.456,-2.533,13.352,-0.28,-0.78,-0.41
1934/1/1,2.476,7.995,-3.131,13.276,-0.29,-0.4,-0.32
1934/2/1,3.699,9.504,-2.191,13.701,-0.28,0.6,-0.03
1934/3/1,4.818,10.835,-1.382,14.072,-0.24,-0.33,-0.26
1934/4/1,8.016,13.996,1.853,15.02,-0.18,-0.39,-0.24
1934/5/1,11.478,17.533,5.26,15.951,-0.18,0.28,-0.05
1934/6/1,13.402,19.183,7.422,16.578,-0.03,0.03,-0.01
1934/7/1,14.343,20.14,8.472,16.851,-0.1,-0.09,-0.1
1934/8/1,13.778,19.534,8.01,16.74,-0.07,-0.05,-0.06
1934/9/1,11.727,17.505,5.899,16.128,-0.05,-0.33,-0.13
1934/10/1,9.421,15.371,3.629,15.332,-0.1,0,-0.07
1934/11/1,6.397,11.736,0.978,14.412,-0.1,0.29,0.01
1934/12/1,3.985,9.279,-1.62,13.673,-0.1,0.15,-0.03
1935/1/1,2.175,7.737,-3.618,13.299,-0.18,-0.58,-0.29
1935/2/1,4.125,9.944,-1.717,13.857,-0.16,1.02,0.17
1935/3/1,5.399,11.343,-0.802,14.269,-0.22,0.02,-0.15
1935/4/1,7.771,13.81,1.551,15.013,-0.14,-0.56,-0.26
1935/5/1,10.906,16.88,4.755,15.848,-0.15,-0.35,-0.21
1935/6/1,13.326,19.1,7.193,16.504,-0.17,-0.19,-0.17
1935/7/1,14.331,20.173,8.438,16.848,-0.17,0.01,-0.12
1935/8/1,13.775,19.657,7.831,16.715,-0.13,-0.01,-0.1
1935/9/1,11.999,17.896,6.042,16.143,-0.13,0,-0.09
1935/10/1,9.516,15.379,3.7,15.311,-0.08,0.16,-0.01
1935/11/1,5.443,10.849,-0.23,14.069,-0.08,-0.76,-0.27
1935/12/1,3.423,8.675,-2.09,13.55,-0.09,-0.42,-0.18
1936/1/1,2.249,7.806,-3.53,13.26,-0.14,-0.58,-0.26
1936/2/1,2.506,8.253,-3.458,13.533,-0.12,-0.86,-0.32
1936/3/1,5.031,11.032,-1.154,14.206,-0.16,-0.36,-0.21
1936/4/1,8.127,14.082,1.976,15.089,-0.13,-0.32,-0.18
1936/5/1,11.251,17.076,5.23,15.935,-0.15,-0.04,-0.12
1936/6/1,13.363,19.171,7.288,16.524,-0.15,-0.02,-0.11
1936/7/1,14.629,20.443,8.704,16.928,-0.14,0.3,-0.02
1936/8/1,13.86,19.691,7.929,16.811,-0.1,0.02,-0.06
1936/9/1,12.021,17.91,6.064,16.191,-0.06,-0.01,-0.05
1936/10/1,9.457,15.316,3.658,15.412,-0.06,0.06,-0.03
1936/11/1,6.233,11.814,0.407,14.338,-0.09,0.12,-0.03
1936/12/1,3.921,9.181,-1.441,13.767,-0.1,0.17,-0.02
1937/1/1,2.453,7.879,-3.216,13.417,-0.06,-0.47,-0.17
1937/2/1,3.553,9.237,-2.387,13.904,-0.03,0.2,0.04
1937/3/1,4.851,10.731,-1.413,14.276,-0.05,-0.56,-0.19
1937/4/1,8.14,14.025,2.001,15.228,-0.06,-0.33,-0.13
1937/5/1,11.422,17.358,5.169,16.051,-0.06,0.08,-0.02
1937/6/1,13.603,19.558,7.454,16.679,-0.05,0.16,0.01
1937/7/1,14.375,20.154,8.41,17.054,0,-0.03,-0.01
1937/8/1,14.007,19.85,8.145,16.941,0.05,0.17,0.09
1937/9/1,12.413,18.377,6.419,16.402,0.08,0.25,0.13
1937/10/1,9.729,15.635,4.002,15.523,0.03,0.32,0.11
1937/11/1,6.356,11.913,0.612,14.447,0,0,0
1937/12/1,3.478,8.999,-2.196,13.684,-0.02,-0.29,-0.1
1938/1/1,2.91,8.416,-2.597,13.596,-0.09,0.07,-0.04
1938/2/1,3.417,9.138,-2.518,13.827,-0.09,0.04,-0.06
1938/3/1,5.651,11.616,-0.431,14.491,-0.11,0.4,0.03
1938/4/1,8.913,14.984,2.968,15.363,-0.12,0.46,0.04
1938/5/1,11.456,17.429,5.427,16.001,-0.09,0.16,-0.02
1938/6/1,13.321,18.989,7.418,16.607,-0.1,-0.09,-0.1
1938/7/1,14.482,20.249,8.612,16.871,-0.11,0.1,-0.05
1938/8/1,13.963,19.85,8.097,16.904,-0.08,0.15,-0.02
1938/9/1,12.427,18.311,6.468,16.367,-0.1,0.35,0.03
1938/10/1,9.784,15.734,3.984,15.526,-0.05,0.39,0.07
1938/11/1,6.53,12.161,0.969,14.408,-0.14,0.37,0
1938/12/1,3.51,8.922,-2.001,13.556,-0.21,-0.38,-0.26
1939/1/1,2.932,8.53,-2.771,13.538,-0.28,0.12,-0.17
1939/2/1,3.232,9.048,-2.535,13.757,-0.18,0.04,-0.12
1939/3/1,4.926,10.836,-1.1,14.273,-0.12,-0.4,-0.19
1939/4/1,8.328,14.44,2.271,15.296,-0.11,-0.2,-0.14
1939/5/1,11.524,17.489,5.362,16.174,-0.12,0.15,-0.04
1939/6/1,13.531,19.47,7.51,16.712,-0.06,0.1,-0.01
1939/7/1,14.395,20.26,8.617,16.988,-0.03,0.07,0
1939/8/1,13.932,19.807,8.011,16.892,0.01,0.14,0.05
1939/9/1,11.958,17.922,5.907,16.3,0.05,-0.09,0.01
1939/10/1,9.218,14.963,3.479,15.232,0.05,-0.24,-0.04
1939/11/1,6.189,11.742,0.555,14.379,0.03,0.05,0.04
1939/12/1,4.959,10.629,-0.738,14.087,0.07,1.17,0.4
1940/1/1,2.335,7.942,-3.35,13.576,0.06,-0.57,-0.13
1940/2/1,3.423,9.25,-2.488,13.932,0.04,0.07,0.05
1940/3/1,5.424,11.402,-0.622,14.48,0.05,0.13,0.07
1940/4/1,8.756,14.793,2.722,15.452,0.11,0.18,0.12
1940/5/1,11.338,17.273,5.202,16.08,0.13,-0.16,0.05
1940/6/1,13.583,19.501,7.532,16.725,0.09,0.12,0.1
1940/7/1,14.571,20.408,8.51,17.123,0.12,0.19,0.14
1940/8/1,13.811,19.662,7.937,16.946,0.13,-0.02,0.09
1940/9/1,12.268,18.186,6.377,16.43,0.12,0.2,0.14
1940/10/1,9.457,15.273,3.762,15.384,0.15,-0.02,0.1
1940/11/1,6.076,11.667,0.52,14.377,0.18,-0.12,0.09
1940/12/1,4.134,9.592,-1.418,13.96,0.22,0.38,0.27
1941/1/1,2.735,8.348,-3.01,13.622,0.27,-0.02,0.17
1941/2/1,3.67,9.439,-2.234,13.946,0.23,0.24,0.22
1941/3/1,5.213,11.152,-0.901,14.425,0.18,-0.08,0.1
1941/4/1,8.575,14.429,2.616,15.407,0.24,0.21,0.22
1941/5/1,11.493,17.259,5.582,16.152,0.28,0.16,0.24
1941/6/1,13.63,19.447,7.696,16.753,0.16,0.17,0.16
1941/7/1,14.694,20.578,8.739,17.131,0.18,0.25,0.2
1941/8/1,14.028,19.853,8.134,16.915,0.17,0.19,0.17
1941/9/1,11.816,17.813,5.973,16.19,0.19,-0.17,0.08
1941/10/1,9.71,15.504,3.988,15.629,0.31,0.3,0.31
1941/11/1,5.953,11.536,0.265,14.475,0.36,-0.11,0.22
1941/12/1,3.707,9.076,-1.87,13.971,0.35,-0.07,0.21
1942/1/1,3.103,8.715,-2.609,13.821,0.28,0.34,0.29
1942/2/1,2.857,8.544,-2.883,13.773,0.3,-0.35,0.1
1942/3/1,5.308,11.264,-0.771,14.538,0.25,0,0.18
1942/4/1,8.416,14.453,2.401,15.307,0.28,0,0.19
1942/5/1,11.338,17.196,5.398,16.147,0.25,-0.03,0.16
1942/6/1,13.578,19.417,7.721,16.729,0.22,0.16,0.2
1942/7/1,14.242,20.107,8.516,16.902,0.15,-0.09,0.07
1942/8/1,13.786,19.603,8.042,16.766,0.1,-0.1,0.04
1942/9/1,12.146,18.143,6.151,16.265,0.11,0.11,0.11
1942/10/1,9.627,15.452,3.864,15.358,0.12,0.19,0.15
1942/11/1,6.395,12.149,0.685,14.426,0.1,0.31,0.17
1942/12/1,3.945,9.368,-1.474,13.872,0.16,0.14,0.15
1943/1/1,2.396,8.017,-3.283,13.522,0.16,-0.42,-0.03
1943/2/1,3.513,9.468,-2.37,13.939,0.14,0.26,0.17
1943/3/1,5.138,11.123,-0.812,14.371,0.18,-0.12,0.08
1943/4/1,8.638,14.654,2.719,15.335,0.16,0.2,0.16
1943/5/1,11.485,17.401,5.523,16.123,0.11,0.18,0.13
1943/6/1,13.161,19.036,7.314,16.596,0.18,-0.3,0.02
1943/7/1,14.46,20.394,8.503,16.95,0.24,0.06,0.18
1943/8/1,13.774,19.68,7.986,16.912,0.19,-0.1,0.1
1943/9/1,12.096,18.029,6.325,16.285,0.2,0.02,0.14
1943/10/1,9.907,15.859,4.068,15.62,0.26,0.41,0.31
1943/11/1,6.26,11.87,0.592,14.53,0.28,0.17,0.25
1943/12/1,4.233,9.705,-1.326,13.957,0.23,0.64,0.36
1944/1/1,3.504,9.037,-1.929,13.819,0.27,0.76,0.42
1944/2/1,3.591,9.407,-2.123,14.023,0.28,0.37,0.3
1944/3/1,5.531,11.517,-0.4,14.632,0.37,0.37,0.36
1944/4/1,8.434,14.577,2.337,15.432,0.4,0,0.27
1944/5/1,11.334,17.483,5.328,16.212,0.34,0.12,0.27
1944/6/1,13.478,19.508,7.491,16.772,0.41,0.18,0.34
1944/7/1,14.468,20.493,8.652,17.119,0.38,0.17,0.31
1944/8/1,14.017,20.108,8.076,17.117,0.35,0.11,0.27
1944/9/1,12.45,18.453,6.614,16.472,0.35,0.43,0.38
1944/10/1,9.808,15.732,4.032,15.623,0.3,0.35,0.32
1944/11/1,6.091,11.515,0.607,14.401,0.25,-0.07,0.15
1944/12/1,3.434,8.896,-1.969,13.767,0.35,-0.36,0.1
1945/1/1,2.525,8.127,-2.907,13.586,0.34,-0.22,0.16
1945/2/1,2.646,8.373,-3.044,13.747,0.37,-0.72,0.01
1945/3/1,5.184,11.182,-0.898,14.462,0.26,-0.17,0.11
1945/4/1,8.681,14.727,2.601,15.431,0.31,0.22,0.27
1945/5/1,11.097,17.214,5.008,16.064,0.34,-0.14,0.17
1945/6/1,13.328,19.407,7.366,16.661,0.25,-0.06,0.14
1945/7/1,14.213,20.142,8.352,16.911,0.3,-0.12,0.16
1945/8/1,14.313,20.189,8.413,17.106,0.35,0.36,0.35
1945/9/1,12.225,18.078,6.414,16.358,0.33,0.13,0.26
1945/10/1,9.575,15.458,3.83,15.574,0.27,0.22,0.26
1945/11/1,6.073,11.697,0.47,14.453,0.29,0,0.19
1945/12/1,3.158,8.671,-2.337,13.616,0.23,-0.58,-0.05
1946/1/1,2.979,8.484,-2.547,13.638,0.18,0.33,0.22
1946/2/1,3.461,9.259,-2.389,13.816,0.03,0.25,0.09
1946/3/1,5.236,11.244,-0.839,14.514,0.06,-0.1,0
1946/4/1,8.837,14.909,2.711,15.441,0.08,0.4,0.17
1946/5/1,11.355,17.275,5.323,15.994,-0.01,-0.07,-0.03
1946/6/1,13.298,19.086,7.197,16.513,-0.03,-0.25,-0.1
1946/7/1,14.409,20.265,8.427,16.944,-0.04,-0.05,-0.04
1946/8/1,13.834,19.783,7.998,16.717,-0.08,-0.05,-0.07
1946/9/1,12.064,17.921,6.264,16.252,0,-0.07,-0.02
1946/10/1,9.281,15.175,3.577,15.437,0,-0.05,-0.01
1946/11/1,6.235,11.863,0.555,14.359,-0.06,0.06,-0.03
1946/12/1,3.134,8.514,-2.31,13.528,-0.09,-0.71,-0.27
1947/1/1,2.597,8.109,-2.992,13.532,-0.12,-0.33,-0.19
1947/2/1,3.277,9.045,-2.668,13.832,-0.08,-0.1,-0.08
1947/3/1,5.801,11.8,-0.367,14.54,-0.15,0.32,-0.01
1947/4/1,8.686,14.734,2.738,15.373,-0.07,0.21,0.01
1947/5/1,11.329,17.266,5.263,16.089,-0.04,0.03,-0.02
1947/6/1,13.459,19.361,7.452,16.701,0.01,0.02,0.01
1947/7/1,14.349,20.126,8.35,16.973,-0.01,-0.02,-0.01
1947/8/1,13.827,19.541,8.002,16.804,-0.07,-0.06,-0.06
1947/9/1,12.166,17.959,6.355,16.261,-0.2,0,-0.13
1947/10/1,10.011,15.797,4.313,15.49,-0.15,0.49,0.05
1947/11/1,6.407,11.926,0.913,14.435,-0.12,0.18,-0.03
1947/12/1,3.656,9.086,-1.784,13.692,-0.14,-0.16,-0.15
1948/1/1,3.366,9.136,-2.352,13.666,-0.15,0.54,0.05
1948/2/1,3.22,9.034,-2.613,13.692,-0.1,-0.1,-0.1
1948/3/1,4.919,10.852,-1.039,14.284,-0.1,-0.4,-0.19
1948/4/1,8.499,14.384,2.617,15.266,-0.1,0.02,-0.07
1948/5/1,11.537,17.592,5.515,16.173,0.1,0.24,0.14
1948/6/1,13.664,19.614,7.585,16.742,-0.06,0.07,-0.02
1948/7/1,14.445,20.334,8.625,16.938,-0.1,0.02,-0.06
1948/8/1,13.896,19.87,7.965,16.902,-0.05,0.01,-0.03
1948/9/1,12.155,18.217,6.209,16.243,-0.16,0.02,-0.11
1948/10/1,9.584,15.52,3.812,15.389,-0.15,0.11,-0.07
1948/11/1,6.185,11.853,0.691,14.299,-0.12,0.09,-0.06
1948/12/1,3.491,8.981,-2.03,13.54,-0.07,-0.2,-0.11
1949/1/1,3.219,8.837,-2.428,13.704,-0.02,0.48,0.12
1949/2/1,2.759,8.518,-3.003,13.686,-0.02,-0.44,-0.15
1949/3/1,5.077,10.981,-0.773,14.322,-0.04,-0.17,-0.07
1949/4/1,8.344,14.41,2.364,15.312,-0.01,0.06,0.01
1949/5/1,11.309,17.196,5.444,16.063,-0.06,0.1,-0.01
1949/6/1,13.223,19.064,7.389,16.467,-0.12,-0.22,-0.15
1949/7/1,14.199,20.128,8.297,16.807,-0.05,-0.15,-0.08
1949/8/1,13.826,19.77,8.004,16.796,-0.04,0.01,-0.03
1949/9/1,11.957,17.969,6.052,16.177,-0.04,-0.16,-0.07
1949/10/1,9.531,15.439,3.719,15.375,-0.07,0.04,-0.04
1949/11/1,6.148,11.821,0.453,14.331,-0.12,0.12,-0.05
1949/12/1,3.449,8.843,-1.892,13.633,-0.11,-0.38,-0.19
1950/1/1,2.008,7.611,-3.622,13.311,-0.08,-0.79,-0.28
1950/2/1,2.721,8.475,-3.013,13.554,-0.12,-0.53,-0.24
1950/3/1,5.247,11.173,-0.693,14.296,-0.09,-0.07,-0.09
1950/4/1,8.123,14.157,2.043,15.093,-0.12,-0.28,-0.17
1950/5/1,11.297,17.252,5.421,16.033,-0.07,-0.01,-0.05
1950/6/1,13.382,19.29,7.501,16.66,-0.03,-0.12,-0.05
1950/7/1,14.14,19.882,8.417,16.981,-0.02,-0.31,-0.1
1950/8/1,13.46,19.39,7.729,16.731,-0.04,-0.39,-0.14
1950/9/1,11.952,17.737,6.205,16.124,-0.07,-0.19,-0.11
1950/10/1,9.153,14.918,3.452,15.245,-0.12,-0.29,-0.17
1950/11/1,5.372,11.077,-0.426,14.06,-0.15,-0.9,-0.36
1950/12/1,3.528,9.123,-2.071,13.586,-0.18,-0.2,-0.18
1951/1/1,2.138,7.77,-3.521,13.341,-0.16,-0.62,-0.29
1951/2/1,2.332,8.163,-3.661,13.488,-0.17,-1.06,-0.41
1951/3/1,5.091,11.074,-1.087,14.278,-0.11,-0.33,-0.17
1951/4/1,8.367,14.538,2.191,15.198,-0.08,-0.11,-0.09
1951/5/1,11.438,17.371,5.376,16.158,0.01,0.17,0.06
1951/6/1,13.25,19.16,7.312,16.768,0.08,-0.09,0.03
1951/7/1,14.324,20.225,8.416,17.046,0.13,0.05,0.11
1951/8/1,14.021,19.81,8.033,17.081,0.12,0.08,0.11
1951/9/1,12.324,18.362,6.427,16.43,0.09,0.25,0.13
1951/10/1,9.67,15.149,4.047,15.529,0.09,0.15,0.11
1951/11/1,6.225,11.752,0.457,14.422,0.05,-0.03,0.03
1951/12/1,4.328,9.788,-1.162,13.995,0.07,0.58,0.22
1952/1/1,3.049,8.656,-2.579,13.762,0.1,0.3,0.15
1952/2/1,3.396,9.113,-2.425,14.009,0.13,-0.01,0.09
1952/3/1,4.967,10.96,-1.193,14.373,0.09,-0.4,-0.05
1952/4/1,8.461,14.565,2.445,15.363,0.09,0.01,0.07
1952/5/1,11.352,17.289,5.394,16.129,0.05,0.01,0.04
1952/6/1,13.442,19.426,7.626,16.751,0.06,0,0.04
1952/7/1,14.549,20.416,8.754,17.068,0.04,0.14,0.07
1952/8/1,13.964,19.753,8.161,16.952,0.09,0.01,0.07
1952/9/1,12.238,18.109,6.379,16.395,0.06,0.08,0.07
1952/10/1,9.157,15.032,3.294,15.434,0.07,-0.29,-0.04
1952/11/1,5.425,11.017,-0.164,14.334,0.04,-0.76,-0.2
1952/12/1,3.659,9.215,-1.85,13.787,0.06,-0.17,-0.01
1953/1/1,2.964,8.541,-2.629,13.642,0.05,0.23,0.1
1953/2/1,3.629,9.51,-2.182,14.02,0.07,0.36,0.15
1953/3/1,5.712,11.677,-0.22,14.561,0.05,0.42,0.15
1953/4/1,8.892,14.813,2.913,15.518,0.14,0.3,0.18
1953/5/1,11.514,17.358,5.53,16.266,0.13,0.18,0.14
1953/6/1,13.612,19.461,7.749,16.89,0.12,0.14,0.12
1953/7/1,14.392,20.254,8.565,17.088,0.09,0,0.06
1953/8/1,14.059,19.803,8.25,16.985,0.07,0.09,0.08
1953/9/1,12.199,18.145,6.288,16.418,0.05,0.07,0.06
1953/10/1,9.59,15.367,3.908,15.471,0.04,0.15,0.07
1953/11/1,5.924,11.376,0.419,14.332,0.02,-0.27,-0.06
1953/12/1,3.998,9.366,-1.299,13.862,-0.02,0.25,0.05
1954/1/1,2.059,7.673,-3.581,13.38,-0.05,-0.71,-0.24
1954/2/1,3.084,8.863,-2.674,13.783,-0.01,-0.29,-0.09
1954/3/1,5.148,11.148,-0.865,14.385,-0.02,-0.29,-0.09
1954/4/1,8.158,13.973,2.424,15.226,-0.12,-0.31,-0.18
1954/5/1,10.988,16.784,5.196,15.971,-0.11,-0.42,-0.2
1954/6/1,13.4,19.213,7.62,16.609,-0.12,-0.11,-0.12
1954/7/1,14.241,20.015,8.543,16.851,-0.13,-0.12,-0.12
1954/8/1,13.868,19.588,8.184,16.816,-0.13,0,-0.09
1954/9/1,12.098,17.852,6.368,16.223,-0.09,0.02,-0.06
1954/10/1,9.546,15.26,3.902,15.423,-0.12,0.06,-0.07
1954/11/1,6.579,12.155,1.046,14.48,-0.1,0.39,0.04
1954/12/1,3.559,8.915,-1.773,13.62,-0.16,-0.27,-0.19
1955/1/1,3.412,8.914,-2.028,13.717,-0.12,0.62,0.09
1955/2/1,3.137,8.966,-2.71,13.718,-0.14,-0.1,-0.13
1955/3/1,4.585,10.377,-1.427,14.179,-0.13,-0.77,-0.31
1955/4/1,8.136,13.914,2.223,15.119,-0.16,-0.43,-0.24
1955/5/1,11.192,17.11,5.504,15.882,-0.14,-0.08,-0.13
1955/6/1,13.56,19.218,7.735,16.555,-0.11,0.02,-0.07
1955/7/1,14.242,19.959,8.579,16.809,-0.04,-0.2,-0.09
1955/8/1,14.283,19.857,8.303,16.899,-0.08,0.1,-0.03
1955/9/1,11.954,17.859,6.405,16.148,-0.12,-0.04,-0.09
1955/10/1,9.735,15.446,3.923,15.333,-0.2,0.05,-0.13
1955/11/1,5.973,11.527,0.084,14.211,-0.21,-0.33,-0.24
1955/12/1,3.306,8.802,-2.254,13.522,-0.2,-0.47,-0.27
1956/1/1,2.466,7.909,-3.055,13.444,-0.08,-0.45,-0.18
1956/2/1,2.781,8.555,-3.131,13.626,-0.13,-0.66,-0.27
1956/3/1,4.889,10.836,-1.028,14.231,-0.11,-0.45,-0.2
1956/4/1,7.922,13.848,2.043,15.029,-0.18,-0.54,-0.29
1956/5/1,10.721,16.734,5.083,15.823,-0.15,-0.42,-0.23
1956/6/1,13.16,18.939,7.309,16.472,-0.11,-0.22,-0.15
1956/7/1,14.18,19.952,8.603,16.83,-0.08,-0.27,-0.14
1956/8/1,13.189,18.967,7.513,16.605,-0.1,-0.4,-0.19
1956/9/1,11.783,17.501,5.872,16.088,-0.16,-0.48,-0.25
1956/10/1,8.928,14.667,3.173,15.159,-0.11,-0.44,-0.2
1956/11/1,5.738,11.414,0.134,14.261,-0.06,-0.4,-0.16
1956/12/1,3.598,8.962,-1.775,13.704,-0.06,-0.41,-0.15
1957/1/1,2.488,8.005,-2.97,13.473,-0.04,-0.33,-0.12
1957/2/1,3.12,8.708,-2.51,13.804,0.01,-0.44,-0.12
1957/3/1,5.036,10.986,-0.916,14.381,0.05,-0.38,-0.07
1957/4/1,8.366,14.094,2.426,15.324,0.09,-0.29,-0.02
1957/5/1,11.259,17.054,5.43,16.216,0.18,-0.06,0.11
1957/6/1,13.783,19.473,7.811,16.878,0.17,0.11,0.16
1957/7/1,14.129,19.828,8.382,17.034,0.17,-0.22,0.06
1957/8/1,14.082,19.792,8.263,17.049,0.18,0.02,0.13
1957/9/1,12.312,18.065,6.407,16.38,0.08,0.06,0.07
1957/10/1,9.496,15.049,3.801,15.463,0.05,-0.07,0.01
1957/11/1,6.391,11.849,0.831,14.516,0.1,0.21,0.13
1957/12/1,4.328,9.68,-0.943,13.971,0.07,0.64,0.23
1958/1/1,3.574,8.977,-1.772,13.881,0.14,0.72,0.3
1958/2/1,3.695,9.546,-1.949,14.071,0.15,0.35,0.21
1958/3/1,5.453,11.321,-0.549,14.547,0.13,0.07,0.12
1958/4/1,8.52,14.392,2.57,15.359,0.11,0.12,0.11
1958/5/1,11.519,17.355,5.625,16.18,0.08,0.15,0.1
1958/6/1,13.187,19.028,7.427,16.619,0.13,-0.11,0.06
1958/7/1,14.438,20.121,8.839,17.039,0.09,0,0.06
1958/8/1,13.597,19.399,8.048,16.832,0.1,-0.07,0.05
1958/9/1,11.845,17.549,6.204,16.284,0.11,-0.2,0.02
1958/10/1,9.375,15.094,3.742,15.437,0.09,-0.07,0.04
1958/11/1,6.26,11.718,0.746,14.507,0.05,0.18,0.09
1958/12/1,3.822,9.23,-1.557,13.829,0.1,0.26,0.15
1959/1/1,2.959,8.39,-2.406,13.636,0.1,0.19,0.12
1959/2/1,3.33,9.004,-2.225,13.873,0.08,0.01,0.06
1959/3/1,5.854,11.728,-0.071,14.612,0.08,0.52,0.2
1959/4/1,8.819,14.752,2.807,15.439,0.08,0.21,0.12
1959/5/1,11.323,17.164,5.536,16.122,0.08,-0.1,0.03
1959/6/1,13.577,19.379,7.748,16.776,0.04,0.19,0.08
1959/7/1,14.449,20.236,8.854,17.002,0.06,0.08,0.07
1959/8/1,13.853,19.532,8.321,16.908,0.07,0,0.05
1959/9/1,11.946,17.663,6.344,16.278,0.1,0.09,0.1
1959/10/1,9.16,14.767,3.586,15.405,0.07,-0.22,-0.02
1959/11/1,5.752,11.261,0.302,14.272,0.03,-0.35,-0.08
1959/12/1,3.77,9.122,-1.493,13.763,-0.01,-0.11,-0.03
1960/1/1,2.713,8.222,-2.623,13.553,0.01,-0.03,0
1960/2/1,3.798,9.748,-1.92,13.956,0.02,0.64,0.19
1960/3/1,4.303,10.216,-1.677,14.145,0.01,-0.79,-0.21
1960/4/1,8.133,13.955,2.229,15.19,-0.03,-0.28,-0.1
1960/5/1,10.872,16.71,5.044,15.956,0.06,-0.46,-0.09
1960/6/1,13.484,19.306,7.729,16.67,0.06,0.12,0.08
1960/7/1,14.198,19.884,8.492,16.985,0.09,-0.11,0.04
1960/8/1,13.825,19.604,8.242,16.969,0.08,-0.03,0.05
1960/9/1,12.095,17.856,6.498,16.382,0.08,0.02,0.06
1960/10/1,9.497,15.235,3.8,15.456,0.06,-0.02,0.04
1960/11/1,5.828,11.433,0.355,14.313,0.04,-0.28,-0.05
1960/12/1,4.259,9.64,-0.978,13.928,0.08,0.6,0.23
1961/1/1,2.926,8.38,-2.383,13.664,0.06,0.28,0.12
1961/2/1,3.683,9.299,-1.895,14.058,0.1,0.37,0.18
1961/3/1,5.589,11.478,-0.271,14.609,0.08,0.39,0.17
1961/4/1,8.631,14.497,2.817,15.444,0.13,0.15,0.13
1961/5/1,11.624,17.592,5.729,16.241,0.14,0.21,0.16
1961/6/1,13.702,19.598,7.796,16.81,0.12,0.21,0.15
1961/7/1,14.288,20.014,8.664,16.987,0.05,0,0.04
1961/8/1,13.849,19.606,8.23,16.917,0.04,0,0.03
1961/9/1,12.247,17.987,6.525,16.309,0,-0.02,-0.01
1961/10/1,9.328,15.057,3.508,15.401,0.05,-0.24,-0.03
1961/11/1,6.205,11.655,0.74,14.437,0.02,0.01,0.02
1961/12/1,3.5,9.016,-1.915,13.682,0.04,-0.17,-0.02
1962/1/1,3.003,8.657,-2.509,13.655,0.04,0.38,0.13
1962/2/1,3.696,9.547,-2.045,14.003,0.05,0.5,0.17
1962/3/1,5.53,11.537,-0.416,14.522,0.06,0.28,0.12
1962/4/1,8.54,14.473,2.576,15.353,0.04,0.17,0.08
1962/5/1,11.128,17.04,5.195,16.041,0.07,0.03,0.06
1962/6/1,13.427,19.35,7.456,16.679,0.12,-0.1,0.06
1962/7/1,14.205,20.054,8.451,16.952,0.13,0,0.09
1962/8/1,13.713,19.553,7.941,16.83,0.09,-0.03,0.06
1962/9/1,12.018,17.845,6.313,16.246,0.09,-0.01,0.06
1962/10/1,9.468,15.226,3.774,15.429,0.06,0.14,0.08
1962/11/1,6.283,11.775,0.797,14.421,0.03,0.2,0.08
1962/12/1,3.94,9.425,-1.43,13.776,0,0.32,0.09
1963/1/1,2.901,8.671,-2.679,13.594,-0.01,0.16,0.04
1963/2/1,4.02,9.95,-1.685,14.014,0.02,0.9,0.26
1963/3/1,5.097,11.043,-0.895,14.357,-0.01,-0.04,-0.02
1963/4/1,8.173,13.914,2.35,15.216,0.07,-0.2,0
1963/5/1,11.045,16.819,5.234,16.05,0.08,-0.16,0.01
1963/6/1,13.412,19.276,7.604,16.675,0.1,-0.06,0.05
1963/7/1,14.506,20.229,8.797,17.089,0.11,0.2,0.14
1963/8/1,14.309,20.009,8.471,17.061,0.14,0.21,0.16
1963/9/1,12.555,18.306,6.724,16.48,0.11,0.31,0.17
1963/10/1,9.943,15.716,4.326,15.587,0.07,0.57,0.22
1963/11/1,6.561,12.068,1.31,14.58,0.1,0.43,0.2
1963/12/1,3.75,9.346,-1.666,13.817,0.08,0.09,0.08
1964/1/1,2.881,8.384,-2.549,13.595,0.02,0.13,0.05
1964/2/1,3.028,8.791,-2.613,13.73,-0.02,-0.34,-0.1
1964/3/1,4.865,10.97,-1.152,14.256,-0.07,-0.33,-0.14
1964/4/1,7.922,13.794,2.152,15.062,-0.11,-0.37,-0.18
1964/5/1,10.905,16.801,5.202,15.856,-0.1,-0.1,-0.1
1964/6/1,13.459,19.275,7.536,16.591,-0.07,-0.13,-0.09
1964/7/1,14.301,20.065,8.572,16.784,-0.09,-0.16,-0.11
1964/8/1,13.678,19.386,8.05,16.634,-0.15,-0.21,-0.17
1964/9/1,11.604,17.394,6.11,16.002,-0.16,-0.32,-0.21
1964/10/1,8.832,14.654,3.218,15.171,-0.16,-0.52,-0.26
1964/11/1,5.983,11.609,0.483,14.202,-0.22,-0.17,-0.2
1964/12/1,3.458,8.759,-1.783,13.522,-0.23,-0.37,-0.26
1965/1/1,2.862,8.418,-2.526,13.545,-0.14,0.12,-0.07
1965/2/1,3.036,8.907,-2.822,13.698,-0.11,-0.42,-0.19
1965/3/1,5.182,11.22,-0.735,14.285,-0.1,-0.09,-0.1
1965/4/1,7.99,13.841,2.168,15.095,-0.11,-0.39,-0.19
1965/5/1,11.222,17.168,5.262,16.007,-0.08,-0.05,-0.07
1965/6/1,13.308,19.126,7.483,16.532,-0.04,-0.05,-0.04
1965/7/1,14.078,19.869,8.376,16.762,-0.06,-0.14,-0.08
1965/8/1,13.807,19.583,8.184,16.803,0,-0.16,-0.04
1965/9/1,11.73,17.407,6.096,16.154,0.01,-0.2,-0.05
1965/10/1,9.488,15.11,3.8,15.406,-0.01,0.13,0.02
1965/11/1,5.86,11.337,0.354,14.287,-0.01,-0.3,-0.09
1965/12/1,3.766,9.235,-1.543,13.775,-0.01,-0.02,-0.01
1966/1/1,2.49,8.049,-3.041,13.495,-0.01,-0.15,-0.04
1966/2/1,3.29,9.005,-2.421,13.81,-0.01,-0.11,-0.03
1966/3/1,5.527,11.296,-0.42,14.445,-0.03,0.08,0
1966/4/1,8.161,13.951,2.331,15.254,0,-0.31,-0.09
1966/5/1,11.2,17.07,5.189,15.987,-0.04,-0.03,-0.03
1966/6/1,13.587,19.378,7.723,16.693,0.01,0.18,0.06
1966/7/1,14.569,20.392,8.823,17.033,0.03,0.16,0.07
1966/8/1,13.731,19.627,8.087,16.826,0,0.07,0.02
1966/9/1,12.133,18.028,6.482,16.273,0,0.09,0.03
1966/10/1,9.153,14.777,3.555,15.315,-0.02,-0.16,-0.06
1966/11/1,5.969,11.58,0.412,14.362,0.01,-0.19,-0.04
1966/12/1,3.382,8.758,-1.927,13.683,0.01,-0.5,-0.12
1967/1/1,2.71,8.395,-2.869,13.527,-0.06,-0.25,-0.11
1967/2/1,2.905,8.619,-2.772,13.688,-0.08,-0.42,-0.17
1967/3/1,5.396,11.222,-0.356,14.465,-0.03,0.08,0
1967/4/1,8.458,14.376,2.5,15.3,-0.04,0.14,0.01
1967/5/1,11.632,17.505,5.784,16.279,0.05,0.32,0.13
1967/6/1,13.194,18.911,7.445,16.665,0.03,-0.18,-0.03
1967/7/1,14.331,20.142,8.706,16.97,0.02,-0.13,-0.02
1967/8/1,13.821,19.593,8.172,16.84,0.05,-0.15,-0.01
1967/9/1,12.054,17.852,6.269,16.244,0.01,-0.14,-0.03
1967/10/1,9.809,15.479,4.178,15.469,-0.02,0.5,0.13
1967/11/1,6.176,11.505,0.808,14.353,-0.06,0.07,-0.02
1967/12/1,3.915,9.279,-1.42,13.73,-0.09,0.09,-0.04
1968/1/1,2.353,7.867,-3.062,13.389,-0.13,-0.35,-0.19
1968/2/1,3.245,8.88,-2.319,13.724,-0.15,-0.08,-0.13
1968/3/1,6.117,11.907,0.285,14.581,-0.13,0.89,0.15
1968/4/1,8.455,14.427,2.596,15.261,-0.08,-0.04,-0.07
1968/5/1,11.068,16.76,5.176,15.99,-0.03,-0.22,-0.08
1968/6/1,13.204,18.873,7.318,16.696,0.06,-0.21,-0.02
1968/7/1,14.026,19.734,8.431,16.887,0.04,-0.17,-0.02
1968/8/1,13.524,19.238,7.892,16.794,0.05,-0.19,-0.02
1968/9/1,11.62,17.348,5.942,16.155,0.07,-0.23,-0.01
1968/10/1,9.453,15.086,3.787,15.481,0.12,-0.13,0.05
1968/11/1,5.891,11.3,0.357,14.418,0.1,-0.21,0.01
1968/12/1,3.24,8.551,-2.116,13.791,0.13,-0.51,-0.04
1969/1/1,1.966,7.229,-3.298,13.518,0.22,-1.1,-0.13
1969/2/1,2.45,7.969,-3.191,13.747,0.21,-0.95,-0.1
1969/3/1,5.131,11.018,-0.824,14.576,0.21,-0.1,0.12
1969/4/1,8.576,14.286,2.69,15.518,0.23,0.09,0.2
1969/5/1,11.354,17.064,5.565,16.329,0.24,0,0.18
1969/6/1,13.475,19.208,7.568,16.83,0.13,-0.05,0.08
1969/7/1,14.218,20.024,8.666,16.924,0.09,0.08,0.09
1969/8/1,13.804,19.628,8.124,16.945,0.14,-0.02,0.1
1969/9/1,12.048,17.67,6.421,16.337,0.15,-0.09,0.08
1969/10/1,9.489,14.888,4.05,15.445,0.11,-0.03,0.07
1969/11/1,6.42,11.974,0.923,14.524,0.11,0.4,0.19
1969/12/1,4.21,9.587,-1.139,13.993,0.16,0.48,0.25
1970/1/1,2.836,8.288,-2.584,13.711,0.16,0.01,0.12
1970/2/1,3.735,9.543,-2.02,14.022,0.12,0.53,0.23
1970/3/1,5.272,11.066,-0.545,14.503,0.11,-0.18,0.03
1970/4/1,8.603,14.383,2.739,15.44,0.11,0.19,0.13
1970/5/1,11.206,17.165,5.402,16.104,0.06,-0.01,0.04
1970/6/1,13.513,19.368,7.599,16.672,-0.01,0.12,0.03
1970/7/1,14.395,20.254,8.723,16.912,-0.05,0.05,-0.02
1970/8/1,13.658,19.43,8.097,16.748,-0.01,-0.06,-0.02
1970/9/1,12.277,17.879,6.62,16.335,0.02,-0.03,0.01
1970/10/1,9.348,14.96,3.787,15.42,0.04,-0.23,-0.04
1970/11/1,6.047,11.562,0.524,14.418,0.04,-0.02,0.02
1970/12/1,3.521,8.941,-1.829,13.707,-0.05,-0.24,-0.1
1971/1/1,2.967,8.531,-2.531,13.615,-0.04,0.08,0
1971/2/1,2.867,8.579,-2.723,13.627,-0.14,-0.42,-0.22
1971/3/1,5.001,10.967,-0.896,14.254,-0.13,-0.17,-0.14
1971/4/1,8.339,14.267,2.516,15.227,-0.11,-0.18,-0.13
1971/5/1,11.211,17.186,5.384,15.963,-0.09,-0.09,-0.09
1971/6/1,13.099,18.992,7.436,16.539,-0.11,-0.18,-0.13
1971/7/1,14.139,19.984,8.511,16.846,-0.05,-0.11,-0.06
1971/8/1,13.879,19.593,8.086,16.752,-0.06,-0.09,-0.07
1971/9/1,12.139,17.918,6.463,16.22,-0.09,0.08,-0.04
1971/10/1,9.388,15.146,3.809,15.298,-0.1,-0.02,-0.08
1971/11/1,6.295,11.842,0.931,14.399,-0.1,0.39,0.04
1971/12/1,3.867,9.228,-1.439,13.66,-0.11,0.21,-0.02
1972/1/1,1.882,7.392,-3.549,13.298,-0.01,-0.9,-0.24
1972/2/1,2.609,8.219,-3.115,13.644,0.05,-0.75,-0.16
1972/3/1,5.287,11.169,-0.672,14.446,0.01,-0.03,0
1972/4/1,8.337,14.148,2.498,15.291,0.05,-0.01,0.04
1972/5/1,11.155,16.968,5.361,16.095,0.05,-0.07,0.02
1972/6/1,13.501,19.231,7.627,16.729,0.08,0.07,0.08
1972/7/1,14.231,20.037,8.568,16.956,0.13,-0.1,0.06
1972/8/1,14.171,19.88,8.386,16.978,0.11,0.03,0.09
1972/9/1,11.901,17.529,6.166,16.27,0.12,-0.21,0.02
1972/10/1,9.346,15.057,3.84,15.438,0.15,-0.06,0.09
1972/11/1,5.797,11.167,0.52,14.419,0.19,-0.23,0.08
1972/12/1,3.778,9.182,-1.492,13.951,0.28,0.17,0.26
1973/1/1,3.038,8.492,-2.308,13.774,0.26,0.26,0.26
1973/2/1,3.898,9.496,-1.654,14.14,0.24,0.73,0.37
1973/3/1,5.82,11.605,0.109,14.663,0.19,0.7,0.33
1973/4/1,8.938,14.51,3.107,15.528,0.18,0.46,0.25
1973/5/1,11.769,17.417,5.926,16.288,0.17,0.34,0.22
1973/6/1,13.824,19.497,8.155,16.795,0.11,0.44,0.2
1973/7/1,14.435,20.112,8.989,17.002,0.09,0.18,0.12
1973/8/1,13.869,19.707,8.427,16.889,0.07,0.09,0.08
1973/9/1,12.125,17.815,6.504,16.267,0.07,0.03,0.06
1973/10/1,9.609,15.182,3.913,15.419,0.03,0.08,0.05
1973/11/1,6.222,11.667,0.788,14.381,0.03,-0.01,0.02
1973/12/1,3.832,9.292,-1.514,13.711,-0.07,0.28,0.03
1974/1/1,2.261,7.464,-2.894,13.3,-0.04,-0.63,-0.19
1974/2/1,2.582,8.118,-2.926,13.49,-0.09,-0.71,-0.25
1974/3/1,5.19,10.966,-0.495,14.267,-0.09,0.06,-0.05
1974/4/1,8.386,14.179,2.59,15.182,-0.09,0.08,-0.04
1974/5/1,11.198,16.932,5.47,15.957,-0.01,-0.06,-0.02
1974/6/1,13.382,19.235,7.591,16.616,-0.01,-0.1,-0.04
1974/7/1,14.288,19.925,8.654,16.846,0.01,0.04,0.02
1974/8/1,14.016,19.652,8.391,16.912,0.06,-0.11,0.01
1974/9/1,11.744,17.43,6.14,16.197,0.02,-0.19,-0.04
1974/10/1,9.098,14.884,3.423,15.274,0.01,-0.32,-0.08
1974/11/1,5.915,11.459,0.389,14.32,-0.01,-0.22,-0.07
1974/12/1,3.55,8.739,-1.522,13.656,-0.01,-0.34,-0.1
1975/1/1,3.059,8.484,-2.257,13.621,0.03,0.37,0.12
1975/2/1,3.395,9.026,-2.096,13.857,0.02,0.05,0.03
1975/3/1,5.706,11.384,-0.15,14.538,0.01,0.39,0.11
1975/4/1,8.584,14.399,2.882,15.297,0,0.3,0.08
1975/5/1,11.742,17.484,5.842,16.136,0,0.24,0.07
1975/6/1,13.557,19.275,7.796,16.682,-0.03,0.19,0.04
1975/7/1,14.351,20.051,8.637,16.877,-0.03,0.08,0
1975/8/1,13.514,19.248,7.892,16.665,-0.05,-0.12,-0.07
1975/9/1,12.152,17.804,6.54,16.216,-0.05,0.18,0.02
1975/10/1,9.318,14.908,3.671,15.292,-0.12,-0.14,-0.12
1975/11/1,5.893,11.462,0.332,14.126,-0.15,-0.13,-0.14
1975/12/1,3.667,9.079,-1.636,13.557,-0.16,0.09,-0.09
1976/1/1,2.884,8.398,-2.452,13.442,-0.12,0.26,-0.02
1976/2/1,3.031,8.509,-2.443,13.619,-0.09,-0.22,-0.12
1976/3/1,4.517,10.305,-1.204,14.124,-0.07,-0.68,-0.23
1976/4/1,8.294,14.177,2.489,15.135,-0.06,0.09,-0.02
1976/5/1,10.942,16.728,5.176,15.778,-0.1,-0.18,-0.12
1976/6/1,13.086,18.954,7.345,16.448,0,-0.25,-0.07
1976/7/1,14.155,19.852,8.349,16.864,-0.02,-0.24,-0.08
1976/8/1,13.511,19.163,7.646,16.671,-0.02,-0.25,-0.09
1976/9/1,11.895,17.74,6.197,16.185,-0.03,-0.07,-0.04
1976/10/1,8.511,14.028,3.113,15.167,0.07,-0.82,-0.18
1976/11/1,5.66,11.156,0.302,14.299,0.12,-0.45,-0.04
1976/12/1,3.681,9.086,-1.708,13.841,0.2,-0.19,0.09
1977/1/1,2.492,7.764,-2.648,13.647,0.29,-0.54,0.06
1977/2/1,3.471,9.135,-2.152,14.001,0.23,0.24,0.24
1977/3/1,5.702,11.581,-0.035,14.639,0.21,0.57,0.31
1977/4/1,8.85,14.751,3.058,15.47,0.18,0.56,0.28
1977/5/1,11.78,17.594,6.009,16.286,0.18,0.39,0.24
1977/6/1,13.876,19.628,8.058,16.846,0.19,0.39,0.25
1977/7/1,14.631,20.327,8.971,17.047,0.18,0.16,0.17
1977/8/1,14.09,19.673,8.464,16.979,0.19,0.02,0.14
1977/9/1,11.862,17.535,6.35,16.312,0.21,0.14,0.19
1977/10/1,9.156,14.875,3.586,15.387,0.19,-0.07,0.12
1977/11/1,6.544,11.962,1.259,14.544,0.15,0.55,0.26
1977/12/1,3.749,9.001,-1.385,13.741,0.14,0.04,0.11
1978/1/1,2.705,8.006,-2.52,13.587,0.18,0.12,0.16
1978/2/1,3.456,9.006,-2.149,13.904,0.14,0.11,0.13
1978/3/1,5.607,11.344,-0.074,14.555,0.14,0.45,0.22
1978/4/1,8.791,14.628,3.084,15.372,0.08,0.27,0.13
1978/5/1,11.414,17.131,5.723,16.101,0.08,0.01,0.06
1978/6/1,13.22,18.891,7.715,16.601,0.11,-0.09,0.05
1978/7/1,14.364,19.911,8.894,16.935,0.13,-0.08,0.07
1978/8/1,13.297,18.974,7.681,16.623,0.1,-0.25,0.01
1978/9/1,12.03,17.64,6.431,16.281,0.11,0,0.08
1978/10/1,9.339,14.964,3.803,15.337,0.08,0.03,0.06
1978/11/1,6.35,11.685,1.08,14.522,0.17,0.38,0.23
1978/12/1,3.74,9.195,-1.617,13.793,0.2,0.03,0.15
1979/1/1,2.679,8.071,-2.625,13.63,0.24,-0.07,0.16
1979/2/1,2.841,8.525,-2.759,13.768,0.18,-0.17,0.09
1979/3/1,5.474,11.331,-0.129,14.565,0.23,0.27,0.24
1979/4/1,8.455,14.273,2.623,15.391,0.23,-0.22,0.11
1979/5/1,11.199,17.139,5.712,16.076,0.19,0.06,0.16
1979/6/1,13.487,19.366,7.818,16.772,0.25,0.12,0.22
1979/7/1,14.114,19.945,8.491,16.992,0.22,0.04,0.17
1979/8/1,13.833,19.623,8.266,16.978,0.26,0.13,0.23
1979/9/1,12.247,18.059,6.714,16.45,0.29,0.16,0.25
1979/10/1,9.586,15.354,4.054,15.557,0.29,0.31,0.3
1979/11/1,6.286,11.807,0.905,14.609,0.32,0.23,0.3
1979/12/1,4.6,10,-0.669,14.182,0.34,0.93,0.5
1980/1/1,2.956,8.468,-2.457,13.812,0.36,0.16,0.31
1980/2/1,3.652,9.26,-1.864,14.112,0.34,0.38,0.35
1980/3/1,5.367,11.24,-0.379,14.646,0.33,-0.02,0.24
1980/4/1,8.935,14.821,3.109,15.578,0.26,0.42,0.31
1980/5/1,11.77,17.713,6.131,16.314,0.28,0.41,0.32
1980/6/1,13.582,19.375,7.901,16.806,0.25,0.23,0.25
1980/7/1,14.742,20.466,9.102,17.171,0.23,0.18,0.22
1980/8/1,14.189,19.814,8.563,17.049,0.21,0.17,0.2
1980/9/1,12.321,18.121,6.642,16.427,0.22,0.17,0.2
1980/10/1,9.55,15.17,4.051,15.45,0.18,0.2,0.18
1980/11/1,6.684,12.196,1.334,14.645,0.21,0.64,0.33
1980/12/1,4.016,9.431,-1.277,13.892,0.24,0.33,0.27
1981/1/1,3.785,9.267,-1.298,13.963,0.24,1.1,0.47
1981/2/1,4.021,9.689,-1.41,14.073,0.19,0.82,0.36
1981/3/1,6.239,12.05,0.554,14.769,0.24,0.88,0.41
1981/4/1,8.953,14.817,3.131,15.432,0.22,0.71,0.36
1981/5/1,11.565,17.471,5.901,16.198,0.24,0.32,0.26
1981/6/1,13.765,19.611,8.065,16.932,0.29,0.28,0.29
1981/7/1,14.738,20.398,9.208,17.217,0.24,0.19,0.23
1981/8/1,14.502,20.293,8.977,17.123,0.2,0.36,0.24
1981/9/1,12.236,17.95,6.646,16.466,0.2,0.17,0.19
1981/10/1,9.394,14.979,3.765,15.453,0.21,0.06,0.17
1981/11/1,6.273,11.669,0.97,14.47,0.2,0.24,0.22
1981/12/1,4.519,10.068,-0.878,14.098,0.27,0.85,0.43
1982/1/1,2.558,8.09,-2.777,13.587,0.24,-0.14,0.14
1982/2/1,3.281,8.843,-2.075,13.852,0.17,0.13,0.16
1982/3/1,4.873,10.667,-0.722,14.337,0.17,-0.16,0.09
1982/4/1,8.465,14.388,2.89,15.33,0.18,0.29,0.21
1982/5/1,11.348,17.149,5.727,16.144,0.22,0.13,0.2
1982/6/1,13.245,19.083,7.556,16.625,0.19,-0.04,0.13
1982/7/1,14.545,20.311,9.019,17,0.13,0.18,0.15
1982/8/1,13.796,19.534,8.465,16.867,0.16,0.1,0.14
1982/9/1,12.039,17.75,6.675,16.354,0.24,0.21,0.24
1982/10/1,9.232,14.845,3.917,15.493,0.27,-0.06,0.18
1982/11/1,5.961,11.314,0.909,14.446,0.28,-0.18,0.15
1982/12/1,4.327,9.637,-0.705,14.068,0.33,0.73,0.44
1983/1/1,3.445,8.747,-1.65,13.979,0.39,0.87,0.52
1983/2/1,3.814,9.427,-1.592,14.169,0.36,0.83,0.48
1983/3/1,5.699,11.503,0.097,14.683,0.34,0.65,0.43
1983/4/1,8.693,14.45,3.053,15.468,0.31,0.25,0.29
1983/5/1,11.729,17.477,6.144,16.34,0.3,0.28,0.29
1983/6/1,13.478,19.217,7.819,16.786,0.31,0.16,0.27
1983/7/1,14.408,20.139,8.829,17.068,0.24,0.33,0.27
1983/8/1,14.302,20.105,8.729,17.145,0.26,0.5,0.33
1983/9/1,12.698,18.412,7.08,16.573,0.26,0.49,0.32
1983/10/1,9.478,15.097,4.011,15.498,0.21,0.23,0.21
1983/11/1,6.765,12.334,1.421,14.648,0.21,1.01,0.43
1983/12/1,3.829,9.25,-1.312,13.886,0.24,0.36,0.28
1984/1/1,2.941,8.338,-2.235,13.701,0.25,0.37,0.28
1984/2/1,3.093,8.786,-2.452,13.878,0.25,-0.05,0.18
1984/3/1,5.671,11.541,-0.078,14.608,0.23,0.39,0.27
1984/4/1,8.432,14.335,2.608,15.37,0.18,0.08,0.15
1984/5/1,11.976,17.86,6.211,16.295,0.17,0.57,0.28
1984/6/1,13.387,19.05,7.662,16.668,0.14,0.13,0.14
1984/7/1,14.429,20.109,8.958,16.961,0.15,0.06,0.12
1984/8/1,13.984,19.83,8.33,16.972,0.18,0.16,0.17
1984/9/1,12.015,17.718,6.5,16.385,0.24,-0.11,0.14
1984/10/1,9.378,14.891,4.015,15.368,0.14,0.06,0.12
1984/11/1,5.811,11.243,0.602,14.32,0.14,-0.23,0.04
1984/12/1,3.185,8.411,-1.88,13.604,0.14,-0.73,-0.09
1985/1/1,3.01,8.385,-2.22,13.678,0.16,0.24,0.18
1985/2/1,2.704,8.322,-2.853,13.731,0.17,-0.42,0.02
1985/3/1,5.451,11.194,-0.133,14.526,0.16,0.26,0.19
1985/4/1,8.633,14.421,2.905,15.356,0.11,0.26,0.15
1985/5/1,11.426,17.203,5.756,16.136,0.16,0.28,0.2
1985/6/1,13.569,19.396,7.908,16.713,0.14,0.11,0.13
1985/7/1,13.973,19.711,8.362,16.906,0.15,-0.12,0.08
1985/8/1,14.059,19.757,8.515,17.013,0.12,0.16,0.13
1985/9/1,11.98,17.634,6.482,16.357,0.17,-0.08,0.1
1985/10/1,9.338,14.808,4.051,15.476,0.16,0.05,0.13
1985/11/1,5.968,11.331,0.703,14.388,0.17,-0.03,0.12
1985/12/1,3.785,9.044,-1.368,13.808,0.2,0.19,0.2
1986/1/1,3.315,8.818,-2.011,13.724,0.17,0.76,0.33
1986/2/1,3.991,9.699,-1.637,14.084,0.2,0.48,0.28
1986/3/1,5.755,11.629,0.015,14.608,0.18,0.61,0.3
1986/4/1,8.871,14.772,3.105,15.452,0.18,0.47,0.26
1986/5/1,11.581,17.393,5.889,16.163,0.2,0.39,0.25
1986/6/1,13.439,19.211,7.72,16.696,0.22,0.33,0.25
1986/7/1,14.293,19.987,8.739,16.991,0.21,0.07,0.17
1986/8/1,13.972,19.874,8.433,16.938,0.19,0.11,0.17
1986/9/1,11.817,17.713,6.395,16.285,0.23,0.03,0.18
1986/10/1,9.299,14.803,3.881,15.455,0.27,0.05,0.21
1986/11/1,5.919,11.232,0.702,14.407,0.22,-0.02,0.16
1986/12/1,3.751,9.071,-1.399,13.805,0.24,0.16,0.22
1987/1/1,3.139,8.701,-2.344,13.758,0.26,0.44,0.31
1987/2/1,4.134,9.792,-1.366,14.161,0.28,1.12,0.5
1987/3/1,5.245,11.203,-0.467,14.538,0.32,0.06,0.26
1987/4/1,8.595,14.69,2.835,15.447,0.31,0.27,0.3
1987/5/1,11.525,17.315,5.798,16.252,0.32,0.39,0.34
1987/6/1,13.927,19.661,8.105,16.9,0.31,0.28,0.3
1987/7/1,14.89,20.667,9.326,17.296,0.37,0.56,0.42
1987/8/1,13.896,19.632,8.32,17.061,0.4,0.34,0.39
1987/9/1,12.447,18.226,6.878,16.569,0.43,0.44,0.44
1987/10/1,9.59,15.136,4.094,15.621,0.41,0.15,0.34
1987/11/1,6.056,11.518,0.71,14.561,0.44,0.05,0.33
1987/12/1,4.489,9.857,-0.712,14.13,0.39,0.9,0.53
1988/1/1,3.454,8.864,-1.798,13.978,0.45,0.81,0.55
1988/2/1,3.422,9.094,-2.031,14.064,0.43,0.27,0.39
1988/3/1,5.931,11.817,0.366,14.778,0.4,0.7,0.48
1988/4/1,8.992,14.978,3.289,15.593,0.37,0.65,0.44
1988/5/1,11.852,17.676,6.143,16.348,0.33,0.51,0.38
1988/6/1,14.099,19.974,8.356,16.976,0.29,0.64,0.39
1988/7/1,14.798,20.466,9.186,17.179,0.29,0.49,0.34
1988/8/1,14.553,20.124,8.905,17.173,0.28,0.44,0.32
1988/9/1,12.681,18.424,7.08,16.553,0.27,0.47,0.32
1988/10/1,9.979,15.719,4.363,15.639,0.25,0.44,0.3
1988/11/1,6.295,11.837,0.841,14.465,0.17,0.39,0.23
1988/12/1,4.363,9.707,-0.852,13.923,0.17,0.86,0.36
1989/1/1,2.71,8.095,-2.598,13.566,0.19,0.29,0.22
1989/2/1,3.627,9.3,-1.924,13.978,0.22,0.54,0.31
1989/3/1,5.792,11.628,0.131,14.607,0.21,0.68,0.34
1989/4/1,8.689,14.541,2.737,15.422,0.25,0.38,0.29
1989/5/1,11.28,17.105,5.494,16.121,0.24,0.37,0.28
1989/6/1,13.447,19.25,7.871,16.725,0.27,0.27,0.27
1989/7/1,14.612,20.361,8.989,17.15,0.31,0.29,0.3
1989/8/1,14.135,19.987,8.595,17.051,0.31,0.27,0.3
1989/9/1,12.403,18.198,6.675,16.5,0.31,0.28,0.3
1989/10/1,9.76,15.473,4.1,15.597,0.27,0.39,0.3
1989/11/1,6.179,11.718,0.749,14.524,0.28,0.16,0.25
1989/12/1,4.43,9.802,-0.807,14.058,0.27,0.75,0.4
1990/1/1,3.243,8.557,-1.939,13.891,0.29,0.53,0.36
1990/2/1,3.643,9.225,-1.795,14.143,0.34,0.56,0.4
1990/3/1,6.73,12.658,1.036,15.005,0.39,1.66,0.73
1990/4/1,9.169,15.058,3.373,15.683,0.39,0.76,0.49
1990/5/1,11.831,17.642,6.086,16.397,0.39,0.52,0.43
1990/6/1,13.893,19.786,8.167,16.995,0.36,0.53,0.41
1990/7/1,14.784,20.401,9.158,17.246,0.4,0.19,0.34
1990/8/1,14.095,19.956,8.514,17.11,0.36,0.31,0.35
1990/9/1,12.195,17.993,6.597,16.465,0.34,0.23,0.31
1990/10/1,9.882,15.72,4.285,15.747,0.39,0.51,0.43
1990/11/1,6.92,12.561,1.345,14.77,0.39,0.71,0.48
1990/12/1,4.425,9.935,-0.922,14.1,0.37,0.63,0.45
1991/1/1,3.195,8.506,-1.907,13.859,0.36,0.68,0.45
1991/2/1,4.044,9.774,-1.499,14.201,0.35,0.78,0.46
1991/3/1,5.574,11.411,-0.129,14.689,0.36,0.38,0.37
1991/4/1,9.226,15.123,3.414,15.716,0.41,0.79,0.52
1991/5/1,11.616,17.441,6.009,16.37,0.38,0.47,0.41
1991/6/1,14.263,19.903,8.509,17.052,0.42,0.63,0.48
1991/7/1,14.987,20.643,9.273,17.348,0.43,0.47,0.44
1991/8/1,14.319,20.036,8.61,17.163,0.38,0.38,0.38
1991/9/1,12.677,18.539,7.004,16.572,0.33,0.53,0.38
1991/10/1,9.753,15.553,4.122,15.619,0.29,0.44,0.33
1991/11/1,6.44,11.862,1.121,14.607,0.29,0.41,0.32
1991/12/1,4.059,9.284,-1.061,13.98,0.28,0.34,0.3
1992/1/1,3.579,8.914,-1.655,13.961,0.29,0.98,0.47
1992/2/1,3.931,9.491,-1.595,14.181,0.31,0.82,0.45
1992/3/1,5.952,11.692,0.253,14.771,0.32,0.75,0.44
1992/4/1,8.572,14.366,2.785,15.51,0.32,0.2,0.29
1992/5/1,11.535,17.346,5.796,16.319,0.33,0.31,0.33
1992/6/1,13.576,19.36,7.818,16.886,0.32,0.18,0.28
1992/7/1,14.139,19.853,8.421,17.001,0.24,-0.15,0.13
1992/8/1,13.766,19.435,8.131,16.9,0.2,-0.04,0.14
1992/9/1,11.672,17.289,6.132,16.243,0.19,-0.27,0.06
1992/10/1,9.353,15.152,3.676,15.419,0.17,-0.03,0.11
1992/11/1,5.889,11.303,0.463,14.343,0.16,-0.09,0.09
1992/12/1,4.075,9.455,-1.063,13.902,0.2,0.51,0.28
1993/1/1,3.301,8.666,-1.919,13.896,0.26,0.7,0.38
1993/2/1,3.745,9.42,-1.744,14.085,0.27,0.72,0.39
1993/3/1,5.923,11.791,0.141,14.725,0.26,0.84,0.42
1993/4/1,8.69,14.585,2.823,15.482,0.28,0.4,0.32
1993/5/1,11.475,17.289,5.674,16.231,0.32,0.4,0.34
1993/6/1,13.518,19.292,7.767,16.859,0.29,0.28,0.29
1993/7/1,14.595,20.228,8.947,17.155,0.25,0.19,0.23
1993/8/1,13.835,19.584,8.228,16.926,0.22,0.18,0.21
1993/9/1,11.93,17.639,6.287,16.381,0.24,-0.02,0.17
1993/10/1,9.614,15.294,3.987,15.543,0.24,0.26,0.24
1993/11/1,5.738,11.091,0.363,14.41,0.23,-0.29,0.09
1993/12/1,4.035,9.358,-1.139,13.904,0.23,0.5,0.3
1994/1/1,3.024,8.336,-2.274,13.731,0.24,0.42,0.29
1994/2/1,2.81,8.594,-2.768,13.773,0.22,-0.33,0.08
1994/3/1,5.731,11.663,-0.131,14.713,0.24,0.66,0.36
1994/4/1,9.018,14.961,3.162,15.584,0.27,0.59,0.36
1994/5/1,11.684,17.582,5.682,16.348,0.3,0.58,0.38
1994/6/1,14.144,19.932,8.288,17.021,0.3,0.59,0.38
1994/7/1,14.658,20.421,8.947,17.183,0.31,0.32,0.31
1994/8/1,13.977,19.808,8.274,17.036,0.32,0.28,0.31
1994/9/1,12.516,18.335,6.821,16.498,0.3,0.41,0.33
1994/10/1,10.002,15.606,4.543,15.743,0.35,0.64,0.43
1994/11/1,6.788,12.2,1.311,14.754,0.35,0.72,0.45
1994/12/1,4.113,9.313,-1.102,14.036,0.37,0.49,0.4
1995/1/1,3.54,8.895,-1.769,13.945,0.36,1.06,0.55
1995/2/1,4.656,10.257,-0.879,14.388,0.37,1.54,0.69
1995/3/1,5.956,11.784,0.265,14.783,0.35,0.77,0.46
1995/4/1,8.972,14.839,3.162,15.587,0.34,0.59,0.41
1995/5/1,11.57,17.301,5.758,16.279,0.33,0.41,0.35
1995/6/1,14.164,20.115,8.232,17.008,0.36,0.73,0.46
1995/7/1,15.116,20.803,9.331,17.375,0.39,0.53,0.43
1995/8/1,14.636,20.409,8.808,17.297,0.38,0.82,0.5
1995/9/1,12.565,18.382,6.921,16.58,0.3,0.62,0.39
1995/10/1,10.106,15.749,4.49,15.748,0.31,0.78,0.44
1995/11/1,6.761,12.387,1.266,14.713,0.32,0.8,0.45
1995/12/1,4.123,9.396,-1.143,13.951,0.27,0.55,0.35
1996/1/1,2.862,8.351,-2.512,13.721,0.27,0.23,0.27
1996/2/1,4.012,9.769,-1.762,14.207,0.32,0.8,0.45
1996/3/1,5.524,11.411,-0.285,14.658,0.34,0.29,0.33
1996/4/1,8.679,14.471,2.717,15.541,0.33,0.11,0.27
1996/5/1,11.588,17.437,5.792,16.272,0.32,0.57,0.39
1996/6/1,13.681,19.405,7.854,16.847,0.34,0.39,0.36
1996/7/1,14.827,20.65,9.123,17.22,0.3,0.4,0.33
1996/8/1,14.603,20.416,8.918,17.21,0.33,0.28,0.32
1996/9/1,12.294,17.974,6.711,16.444,0.3,0.16,0.26
1996/10/1,9.525,15.191,3.929,15.516,0.26,0.14,0.23
1996/11/1,6.547,11.952,1.178,14.607,0.29,0.25,0.28
1996/12/1,4.325,9.82,-1.089,14.053,0.3,0.62,0.39
1997/1/1,3.165,8.588,-2.134,13.818,0.27,0.65,0.37
1997/2/1,3.766,9.456,-1.885,14.178,0.3,0.77,0.43
1997/3/1,6.012,11.808,0.19,14.873,0.35,0.79,0.47
1997/4/1,8.891,14.817,2.967,15.634,0.35,0.71,0.45
1997/5/1,11.593,17.378,5.802,16.388,0.42,0.43,0.42
1997/6/1,14.131,19.913,8.334,17.158,0.49,0.65,0.53
1997/7/1,14.565,20.26,8.825,17.307,0.49,0.55,0.51
1997/8/1,14.256,20.13,8.579,17.266,0.52,0.6,0.54
1997/9/1,12.685,18.555,6.973,16.766,0.56,0.78,0.62
1997/10/1,10.109,15.682,4.665,15.935,0.57,0.84,0.64
1997/11/1,6.841,12.195,1.503,14.952,0.56,0.63,0.58
1997/12/1,4.417,9.634,-0.737,14.291,0.58,0.73,0.62
1998/1/1,3.352,8.555,-1.776,14.063,0.56,0.72,0.6
1998/2/1,4.826,10.475,-0.768,14.611,0.56,1.69,0.86
1998/3/1,6.023,11.888,0.301,14.958,0.54,0.89,0.64
1998/4/1,9.358,15.255,3.439,15.884,0.56,1.2,0.73
1998/5/1,12.291,18.182,6.372,16.671,0.57,0.91,0.67
1998/6/1,14.521,20.404,8.778,17.289,0.58,0.87,0.66
1998/7/1,15.34,20.972,9.715,17.609,0.59,1.11,0.73
1998/8/1,14.874,20.505,9.344,17.491,0.55,1.03,0.68
1998/9/1,12.673,18.336,7.152,16.657,0.43,0.78,0.53
1998/10/1,9.941,15.506,4.45,15.768,0.41,0.73,0.49
1998/11/1,6.404,11.872,1.039,14.697,0.43,0.34,0.41
1998/12/1,4.669,10.083,-0.656,14.214,0.37,1.13,0.58
1999/1/1,3.544,8.877,-1.732,13.933,0.31,1,0.5
1999/2/1,4.694,10.4,-0.957,14.367,0.31,1.65,0.67
1999/3/1,5.53,11.4,-0.274,14.676,0.37,0.36,0.37
1999/4/1,8.838,14.807,2.931,15.572,0.34,0.76,0.46
1999/5/1,11.706,17.613,5.824,16.298,0.32,0.64,0.41
1999/6/1,14.031,19.831,8.205,16.957,0.34,0.63,0.42
1999/7/1,14.853,20.578,9.24,17.218,0.31,0.64,0.4
1999/8/1,14.348,20.158,8.696,17.1,0.31,0.52,0.37
1999/9/1,12.723,18.472,7.109,16.605,0.3,0.67,0.4
1999/10/1,9.997,15.583,4.491,15.675,0.27,0.65,0.37
1999/11/1,6.592,12.121,1.107,14.673,0.27,0.61,0.36
1999/12/1,4.565,9.953,-0.692,14.13,0.29,1.34,0.57
2000/1/1,2.95,8.349,-2.322,13.773,0.28,0.5,0.34
2000/2/1,4.184,9.863,-1.371,14.266,0.34,1.08,0.54
2000/3/1,6.219,12.205,0.376,14.846,0.34,1.12,0.55
2000/4/1,9.552,15.534,3.68,15.762,0.36,1.35,0.63
2000/5/1,11.874,17.721,5.997,16.395,0.34,0.78,0.46
2000/6/1,14.06,19.847,8.243,17,0.33,0.6,0.4
2000/7/1,14.848,20.665,9.098,17.242,0.35,0.5,0.39
2000/8/1,14.519,20.308,8.796,17.243,0.37,0.67,0.46
2000/9/1,12.547,18.373,6.822,16.613,0.4,0.53,0.43
2000/10/1,9.486,15.069,4,15.588,0.35,0.18,0.3
2000/11/1,6.312,11.67,0.996,14.632,0.35,0.03,0.26
2000/12/1,3.863,9.182,-1.333,13.968,0.35,0.24,0.32
2001/1/1,3.336,8.827,-2.078,13.936,0.36,0.79,0.48
2001/2/1,3.72,9.486,-1.997,14.179,0.36,0.48,0.39
2001/3/1,6.208,12.131,0.411,14.982,0.42,1.16,0.63
2001/4/1,9.245,15.174,3.234,15.808,0.43,0.91,0.56
2001/5/1,12.271,18.185,6.35,16.569,0.45,0.99,0.6
2001/6/1,14.11,19.962,8.218,17.151,0.47,0.7,0.53
2001/7/1,15.161,20.923,9.428,17.45,0.49,0.74,0.56
2001/8/1,14.427,20.332,8.664,17.294,0.48,0.93,0.6
2001/9/1,12.736,18.581,7.07,16.758,0.47,0.6,0.5
2001/10/1,9.935,15.578,4.353,15.831,0.48,0.55,0.5
2001/11/1,7.319,12.89,1.92,15.011,0.46,1.31,0.69
2001/12/1,4.507,9.841,-0.685,14.241,0.44,0.68,0.51
2002/1/1,4.026,9.459,-1.322,14.258,0.43,1.44,0.7
2002/2/1,4.704,10.435,-0.948,14.505,0.45,1.68,0.78
2002/3/1,6.772,12.775,0.894,15.198,0.52,1.51,0.79
2002/4/1,9.229,15.146,3.308,15.818,0.5,0.76,0.57
2002/5/1,12.248,18.157,6.199,16.605,0.5,0.72,0.56
2002/6/1,14.084,19.912,8.184,17.11,0.51,0.79,0.59
2002/7/1,15.354,21.199,9.409,17.487,0.48,0.97,0.62
2002/8/1,14.56,20.444,8.807,17.328,0.46,0.73,0.54
2002/9/1,12.95,18.785,7.16,16.799,0.48,0.79,0.56
2002/10/1,9.988,15.599,4.484,15.859,0.48,0.47,0.47
2002/11/1,6.892,12.48,1.389,14.856,0.45,0.97,0.59
2002/12/1,4.038,9.357,-1.189,14.127,0.47,0.34,0.43
2003/1/1,3.981,9.558,-1.481,14.207,0.46,1.28,0.69
2003/2/1,4.085,9.749,-1.48,14.359,0.45,0.85,0.56
2003/3/1,6.048,11.972,0.215,14.973,0.49,0.77,0.57
2003/4/1,9.154,15.033,3.209,15.774,0.47,0.8,0.56
2003/5/1,12.153,18.118,6.208,16.567,0.48,0.9,0.59
2003/6/1,14.017,19.77,8.222,17.104,0.49,0.67,0.54
2003/7/1,14.983,20.757,9.223,17.423,0.54,0.56,0.54
2003/8/1,14.691,20.48,8.974,17.402,0.56,0.77,0.62
2003/9/1,12.911,18.692,7.221,16.839,0.58,0.79,0.64
2003/10/1,10.424,16.115,4.74,15.997,0.58,1.11,0.73
2003/11/1,6.727,12.203,1.347,14.838,0.52,0.7,0.57
2003/12/1,5.133,10.545,-0.179,14.436,0.49,1.4,0.74
2004/1/1,3.525,8.901,-1.65,14.097,0.48,0.9,0.6
2004/2/1,4.499,10.171,-1.182,14.488,0.5,1.31,0.72
2004/3/1,6.321,12.275,0.376,14.992,0.48,1.27,0.69
2004/4/1,9.249,15.132,3.285,15.811,0.49,0.87,0.59
2004/5/1,11.571,17.296,5.707,16.383,0.44,0.47,0.45
2004/6/1,13.889,19.66,8.035,17.006,0.44,0.55,0.47
2004/7/1,14.312,20.087,8.624,17.227,0.5,0.43,0.48
2004/8/1,14.188,20.011,8.382,17.266,0.53,0.48,0.52
2004/9/1,12.642,18.451,6.907,16.745,0.52,0.58,0.53
2004/10/1,10.127,15.843,4.511,15.889,0.54,0.86,0.62
2004/11/1,7.315,12.796,1.91,15.022,0.52,1.42,0.76
2004/12/1,4.257,9.593,-0.932,14.161,0.48,0.59,0.51
2005/1/1,3.808,9.026,-1.377,14.159,0.48,1,0.62
2005/2/1,3.92,9.508,-1.534,14.293,0.47,0.63,0.52
2005/3/1,6.544,12.316,0.813,15.106,0.48,1.25,0.69
2005/4/1,9.618,15.551,3.697,15.978,0.5,1.34,0.73
2005/5/1,12.226,17.995,6.392,16.629,0.53,0.99,0.66
2005/6/1,14.476,20.104,8.863,17.248,0.55,1,0.67
2005/7/1,15.19,20.88,9.569,17.503,0.56,0.91,0.66
2005/8/1,14.51,20.25,8.934,17.375,0.58,0.75,0.63
2005/9/1,13.217,19.11,7.412,16.903,0.55,1.06,0.69
2005/10/1,10.601,16.235,5.004,16.025,0.52,1.16,0.69
2005/11/1,7.423,12.944,1.988,15.005,0.48,1.37,0.72
2005/12/1,4.878,10.279,-0.395,14.327,0.45,1.09,0.62
2006/1/1,3.286,8.617,-1.942,13.99,0.43,0.53,0.46
2006/2/1,4.43,10.124,-1.229,14.435,0.44,1.12,0.62
2006/3/1,6.329,12.239,0.56,14.966,0.42,1.06,0.59
2006/4/1,9.055,15.004,3.081,15.729,0.45,0.69,0.52
2006/5/1,11.786,17.65,5.791,16.463,0.49,0.71,0.55
2006/6/1,14.443,20.317,8.53,17.216,0.5,0.97,0.63
2006/7/1,15.042,20.905,9.288,17.419,0.53,0.86,0.62
2006/8/1,14.913,20.79,9.147,17.479,0.55,0.82,0.62
2006/9/1,12.875,18.779,7.081,16.792,0.56,0.81,0.63
2006/10/1,10.289,15.925,4.796,15.935,0.55,1.04,0.68
2006/11/1,6.955,12.448,1.518,14.931,0.56,0.84,0.64
2006/12/1,4.987,10.346,-0.243,14.407,0.52,1.39,0.76
2007/1/1,4.579,10.084,-0.818,14.417,0.53,1.85,0.88
2007/2/1,4.221,10.039,-1.503,14.408,0.49,1.11,0.66
2007/3/1,6.485,12.483,0.517,15.017,0.45,1.26,0.67
2007/4/1,9.823,15.807,3.88,15.93,0.45,1.49,0.73
2007/5/1,12.518,18.395,6.568,16.629,0.44,1.06,0.61
2007/6/1,14.309,20.223,8.37,17.168,0.47,0.73,0.54
2007/7/1,15.23,21.108,9.482,17.485,0.46,0.71,0.53
2007/8/1,14.752,20.641,9.032,17.339,0.44,0.85,0.55
2007/9/1,12.93,18.838,7.18,16.737,0.44,0.95,0.58
2007/10/1,10.332,16.134,4.609,15.867,0.41,0.99,0.56
2007/11/1,7.084,12.772,1.478,14.821,0.32,1.05,0.52
2007/12/1,4.523,9.873,-0.684,14.11,0.3,0.99,0.49
2008/1/1,2.844,8.155,-2.383,13.719,0.3,0.19,0.27
2008/2/1,3.576,9.351,-2.106,14.061,0.3,0.57,0.38
2008/3/1,6.906,12.992,0.879,15.077,0.34,1.91,0.76
2008/4/1,9.295,15.42,3.175,15.735,0.36,0.79,0.48
2008/5/1,12.054,17.989,6.053,16.497,0.4,0.75,0.5
2008/6/1,14.145,19.973,8.266,17.077,0.44,0.76,0.53
2008/7/1,15.174,21.006,9.407,17.449,0.49,0.78,0.57
2008/8/1,14.377,20.176,8.594,17.282,0.51,0.68,0.56
2008/9/1,12.802,18.629,7.116,16.757,0.51,0.58,0.53
2008/10/1,10.399,16.038,4.847,15.931,0.5,1.11,0.67
2008/11/1,7.224,12.738,1.796,14.919,0.44,1.28,0.67
2008/12/1,4.385,9.834,-0.946,14.151,0.44,0.86,0.56
2009/1/1,3.687,9.176,-1.756,14.091,0.43,1.04,0.59
2009/2/1,4.094,9.822,-1.545,14.267,0.4,1,0.56
2009/3/1,6.086,12.065,0.132,14.873,0.43,0.97,0.58
2009/4/1,9.367,15.377,3.32,15.819,0.47,1.12,0.65
2009/5/1,12.112,18.01,6.141,16.571,0.53,0.74,0.59
2009/6/1,14.201,20.056,8.3,17.26,0.63,0.77,0.67
2009/7/1,15.231,21.085,9.456,17.578,0.64,0.63,0.64
2009/8/1,14.655,20.577,8.855,17.427,0.63,0.87,0.7
2009/9/1,13.153,19.006,7.397,16.864,0.57,1.08,0.71
2009/10/1,10.136,15.79,4.563,15.91,0.57,0.84,0.64
2009/11/1,7.031,12.574,1.64,14.968,0.6,0.86,0.67
2009/12/1,4.31,9.661,-0.94,14.298,0.64,0.54,0.61
2010/1/1,3.737,9.245,-1.677,14.208,0.62,0.92,0.7
2010/2/1,4.399,10.034,-1.107,14.517,0.61,0.96,0.71
2010/3/1,6.738,12.669,0.796,15.223,0.62,1.45,0.85
2010/4/1,9.671,15.616,3.759,16.039,0.63,1.33,0.82
2010/5/1,12.406,18.173,6.524,16.732,0.61,1.16,0.76
2010/6/1,14.421,20.252,8.489,17.271,0.59,1.09,0.73
2010/7/1,15.213,20.97,9.551,17.532,0.59,1.07,0.72
2010/8/1,14.768,20.656,8.984,17.412,0.56,0.91,0.66
2010/9/1,12.863,18.603,7.252,16.761,0.52,0.71,0.57
2010/10/1,10.442,16.115,4.905,15.939,0.47,1.05,0.62
2010/11/1,7.487,13.168,1.95,14.995,0.45,1.61,0.77
2010/12/1,4.292,9.887,-1.139,14.117,0.43,0.61,0.48
2011/1/1,3.282,8.722,-2.034,13.928,0.43,0.57,0.47
2011/2/1,3.743,9.435,-1.906,14.193,0.44,0.64,0.49
2011/3/1,6.101,11.963,0.314,14.88,0.45,0.96,0.59
2011/4/1,9.483,15.45,3.524,15.832,0.45,1.21,0.65
2011/5/1,11.986,17.917,6.023,16.523,0.48,0.83,0.57
2011/6/1,14.37,20.231,8.48,17.203,0.52,0.98,0.65
2011/7/1,15.482,21.32,9.684,17.568,0.51,0.94,0.62
2011/8/1,15.012,20.922,9.208,17.475,0.5,0.91,0.61
2011/9/1,12.912,18.89,6.998,16.762,0.47,0.94,0.6
2011/10/1,10.352,16.075,4.85,15.873,0.45,1.15,0.64
2011/11/1,6.814,12.395,1.432,14.799,0.43,0.64,0.49
2011/12/1,4.655,10.098,-0.641,14.198,0.39,0.98,0.55
2012/1/1,3.157,8.691,-2.233,13.859,0.38,0.52,0.42
2012/2/1,3.628,9.379,-2.067,14.164,0.42,0.42,0.42
2012/3/1,6.023,12.025,0.075,14.863,0.42,0.79,0.52
2012/4/1,9.676,15.679,3.689,15.881,0.45,1.47,0.73
2012/5/1,12.59,18.611,6.461,16.699,0.51,1.27,0.72
2012/6/1,14.492,20.43,8.505,17.252,0.52,1.19,0.7
2012/7/1,15.076,21.006,9.229,17.45,0.58,0.96,0.68
2012/8/1,14.72,20.709,8.84,17.42,0.6,0.84,0.67
2012/9/1,13.04,19.074,7.176,16.882,0.62,0.99,0.72
2012/10/1,10.428,16.203,4.765,16.019,0.6,0.98,0.7
2012/11/1,7.156,12.689,1.796,15.001,0.55,1.11,0.7
2012/12/1,4.102,9.498,-1.162,14.138,0.53,0.27,0.46
2013/1/1,3.685,9.255,-1.726,14.117,0.47,0.88,0.58
2013/2/1,4.222,9.95,-1.472,14.359,0.46,1.1,0.63
2013/3/1,6.261,12.328,0.174,14.952,0.46,1.02,0.61
2013/4/1,9.044,15.084,3.055,15.749,0.5,0.71,0.56
2013/5/1,12.195,18.107,6.263,16.609,0.55,1.15,0.71
2013/6/1,14.568,20.44,8.685,17.257,0.54,1.03,0.68
2013/7/1,15.003,20.737,9.33,17.503,0.62,0.78,0.66
2013/8/1,14.742,20.596,9.014,17.462,0.64,0.72,0.66
2013/9/1,13.154,18.947,7.482,16.894,0.6,0.9,0.69
2013/10/1,10.256,15.994,4.663,15.905,0.59,0.92,0.68
2013/11/1,7.424,12.965,2.016,15.107,0.59,1.45,0.83
2013/12/1,4.724,10.083,-0.548,14.339,0.53,1.14,0.7
2014/1/1,3.732,9.327,-1.755,14.136,0.52,1.14,0.69
2014/2/1,3.5,9.146,-2.08,14.157,0.53,0.33,0.48
2014/3/1,6.378,12.367,0.436,15.09,0.55,1.34,0.77
2014/4/1,9.589,15.529,3.617,16.038,0.6,1.31,0.8
2014/5/1,12.582,18.362,6.613,16.804,0.65,1.17,0.79
2014/6/1,14.335,20.126,8.473,17.303,0.68,0.96,0.76
2014/7/1,14.873,20.711,9.112,17.508,0.68,0.72,0.7
2014/8/1,14.875,20.79,9.047,17.607,0.74,0.95,0.8
2014/9/1,13.091,18.865,7.399,16.975,0.75,0.9,0.79
2014/10/1,10.33,16.066,4.689,16.029,0.7,1,0.78
2014/11/1,6.713,12.284,1.313,14.899,0.65,0.8,0.69
2014/12/1,4.85,10.19,-0.331,14.41,0.63,1.39,0.84
2015/1/1,3.881,9.432,-1.518,14.255,0.61,1.38,0.82
2015/2/1,4.664,10.497,-1.138,14.564,0.59,1.68,0.89
2015/3/1,6.74,12.659,0.894,15.193,0.63,1.64,0.9
2015/4/1,9.313,15.224,3.402,15.962,0.66,1.1,0.78
2015/5/1,12.312,18.181,6.313,16.774,0.72,1.23,0.86
2015/6/1,14.505,20.364,8.627,17.39,0.75,1.25,0.89
2015/7/1,15.051,20.904,9.326,17.611,0.75,0.97,0.81
2015/8/1,14.755,20.699,9.005,17.589,0.79,1.1,0.88
2015/9/1,12.999,18.845,7.199,17.049,0.84,1.19,0.93
2015/10/1,10.801,16.45,5.232,16.29,0.87,1.34,0.99
2015/11/1,7.433,12.892,2.157,15.252,0.85,1.28,0.96
2015/12/1,5.518,10.725,0.287,14.774,0.84,1.87,1.12
